Product_ID,Product_Name,Product_Category
PROD001,Product 1,CRM
PROD002,Product 2,Integration
PROD003,Product 3,Security
PROD004,Product 4,Security
PROD005,Product 5,CRM
PROD006,Product 6,Security
PROD007,Product 7,CRM
PROD008,Product 8,Security
PROD009,Product 9,Analytics
PROD010,Product 10,CRM
PROD011,Product 11,AI
PROD012,Product 12,Security
PROD013,Product 13,Analytics
PROD014,Product 14,CRM
PROD015,Product 15,Security
PROD016,Product 16,AI
PROD017,Product 17,Security
PROD018,Product 18,Analytics
PROD019,Product 19,Integration
PROD020,Product 20,Integration
PROD021,Product 21,Analytics
PROD022,Product 22,Analytics
PROD023,Product 23,CRM
PROD024,Product 24,Integration
PROD025,Product 25,CRM
PROD026,Product 26,Security
PROD027,Product 27,Analytics
PROD028,Product 28,CRM
PROD029,Product 29,Analytics
PROD030,Product 30,CRM
